-- phpMyAdmin SQL Dump
-- version 5.1.1
-- https://www.phpmyadmin.net/
--
-- Host: 127.0.0.1
-- Generation Time: Mar 07, 2022 at 02:00 PM
-- Server version: 10.4.20-MariaDB
-- PHP Version: 8.0.8

SET SQL_MODE = "NO_AUTO_VALUE_ON_ZERO";
START TRANSACTION;
SET time_zone = "+00:00";


/*!40101 SET @OLD_CHARACTER_SET_CLIENT=@@CHARACTER_SET_CLIENT */;
/*!40101 SET @OLD_CHARACTER_SET_RESULTS=@@CHARACTER_SET_RESULTS */;
/*!40101 SET @OLD_COLLATION_CONNECTION=@@COLLATION_CONNECTION */;
/*!40101 SET NAMES utf8mb4 */;

--
-- Database: `toko_sayur`
--

-- --------------------------------------------------------

--
-- Table structure for table `ci_sessions`
--

CREATE TABLE `ci_sessions` (
  `id` varchar(128) NOT NULL,
  `ip_address` varchar(45) NOT NULL,
  `timestamp` int(10) UNSIGNED NOT NULL DEFAULT 0,
  `data` blob NOT NULL
) ENGINE=InnoDB DEFAULT CHARSET=utf8mb4;

--
-- Dumping data for table `ci_sessions`
--

INSERT INTO `ci_sessions` (`id`, `ip_address`, `timestamp`, `data`) VALUES
('8lrbpq9o49uegno38s9p30qhpasmedvr', '::1', 1640055288, 0x5f5f63695f6c6173745f726567656e65726174657c693a313634303035353238383b7265646972656374696f6e7c733a36383a226148523063446f764c327876593246736147397a64433930623274764c584e68655856794c326c755a4756344c6e426f6343397a614739774c324e6f5a574e7262335630223b5f5f4143544956455f53455353494f4e5f444154417c733a3235363a2230663934376536653238323035313936353534626339356336313732643665363531303330306665313035663963343335643433336439653735386438613232386464363634363831323165643562383561336363643162656139356665636635613264383939663036633937383764386462306231396633306133356366314375566f6252534f50385367554e494d3153796e2b4f4f6a754a786e75697531765237635a59415a6b764b4d507353776a6b566d4b7a6231534d5a47723152587162524a72303145427a6c5268626a71374f32444b6a6f68486a7272357041313241634864744138334a716c6e46764245705534636632356365757954525a78223b73746f72655f666c6173687c733a32363a2250656e646166746172616e20616b756e20626572686173696c21223b5f5f63695f766172737c613a333a7b733a31313a2273746f72655f666c617368223b733a333a226f6c64223b733a31313a226f726465725f666c617368223b733a333a226f6c64223b733a31333a227061796d656e745f666c617368223b733a333a226f6c64223b7d6f726465725f666c6173687c733a32363a224f7264657220626572686173696c20646974616d6261686b616e223b7061796d656e745f666c6173687c733a37393a224b6f6e6669726d61736920626572686173696c2064696c616b756b616e2e2041646d696e20616b616e206d656d7665726966696b6173696e79612064616c616d2077616b74752031783234206a616d223b),
('5f152l6d5tp7sncecrqgq1b5hej77kqv', '::1', 1640056654, 0x5f5f63695f6c6173745f726567656e65726174657c693a313634303035363635343b7265646972656374696f6e7c4e3b73746f72655f666c6173687c733a32363a2250656e646166746172616e20616b756e20626572686173696c21223b5f5f63695f766172737c613a343a7b733a31313a2273746f72655f666c617368223b733a333a226f6c64223b733a31313a226f726465725f666c617368223b733a333a226f6c64223b733a31333a227061796d656e745f666c617368223b733a333a226f6c64223b733a31313a226c6f67696e5f666c617368223b733a333a226f6c64223b7d6f726465725f666c6173687c733a32363a2253746174757320626572686173696c2064697065726261727569223b7061796d656e745f666c6173687c733a33323a2250656d6261796172616e20626572686173696c2064696b6f6e6669726d617369223b6c6f67696e5f666c6173687c733a31363a22426572686173696c206c6f676f757421223b5f5f4143544956455f53455353494f4e5f444154417c733a3235363a223964313535336232643966656630393734666239356339303966626461363439366234383863383361373230366332626665643863313463643464303464363265326364633531633363343836653437343262633136663435346534646164383862626665633533326535396130643036663534363533663763643635306133557145394675612f7934627779676a356459724136474d427263594f56684d7a582f5376355244547950492f7238686c6e686738596d4a72714f7a4836564b5a344f544b6668354132677857616f335342526d6461796e36436e377a316c62714c425643423479304e4231455459796549636250744b4838626b7361656c4f66223b),
('65crst83ehgdj1a30ooeat34o9n5o2ht', '::1', 1640056964, 0x5f5f63695f6c6173745f726567656e65726174657c693a313634303035363936343b7265646972656374696f6e7c4e3b73746f72655f666c6173687c733a32363a2250656e646166746172616e20616b756e20626572686173696c21223b5f5f63695f766172737c613a353a7b733a31313a2273746f72655f666c617368223b733a333a226f6c64223b733a31313a226f726465725f666c617368223b733a333a226f6c64223b733a31333a227061796d656e745f666c617368223b733a333a226f6c64223b733a31313a226c6f67696e5f666c617368223b733a333a226f6c64223b733a31323a226f6c645f757365726e616d65223b733a333a226f6c64223b7d6f726465725f666c6173687c733a32363a224f7264657220626572686173696c20646974616d6261686b616e223b7061796d656e745f666c6173687c733a33323a2250656d6261796172616e20626572686173696c2064696b6f6e6669726d617369223b6c6f67696e5f666c6173687c733a31363a22426572686173696c206c6f676f757421223b6f6c645f757365726e616d657c733a343a22616c6469223b6f726465725f7175616e746974797c613a303a7b7d746f74616c5f70726963657c693a363030303b5f5f4143544956455f53455353494f4e5f444154417c733a3235363a2230653034663261666338393831303639303064646666396266663136346665643632386339613930343564653931656164616331306331353430383133343931643761613530313463386131306537326335313936353334383832343866613031303132666531363766363130343531376432323431336331306430646534317a6b5538476f4a4b6c61666a64436730373044314d5932646e662f6a6c4232445433414177366a5672704e75394d435a334d347170694858546d6941736455376934626643504e504330744c7574414d6c763831684863736f6f4b4876706a44324c715862484e4c376e414c4c4c434b696c5a5559554b394654392b67486443223b),
('87n9qh2ra4oiuv4nfm61s0bg149ethr9', '::1', 1640058059, 0x5f5f63695f6c6173745f726567656e65726174657c693a313634303035383035393b7265646972656374696f6e7c4e3b73746f72655f666c6173687c733a32363a2250656e646166746172616e20616b756e20626572686173696c21223b5f5f63695f766172737c613a353a7b733a31313a2273746f72655f666c617368223b733a333a226f6c64223b733a31313a226f726465725f666c617368223b733a333a226f6c64223b733a31333a227061796d656e745f666c617368223b733a333a226f6c64223b733a31313a226c6f67696e5f666c617368223b733a333a226f6c64223b733a31323a226f6c645f757365726e616d65223b733a333a226f6c64223b7d6f726465725f666c6173687c733a32363a224f7264657220626572686173696c20646974616d6261686b616e223b7061796d656e745f666c6173687c733a33323a2250656d6261796172616e20626572686173696c2064696b6f6e6669726d617369223b6c6f67696e5f666c6173687c733a31363a22426572686173696c206c6f676f757421223b6f6c645f757365726e616d657c733a343a22616c6469223b6f726465725f7175616e746974797c613a303a7b7d746f74616c5f70726963657c693a363030303b5f5f4143544956455f53455353494f4e5f444154417c733a3235363a2230653034663261666338393831303639303064646666396266663136346665643632386339613930343564653931656164616331306331353430383133343931643761613530313463386131306537326335313936353334383832343866613031303132666531363766363130343531376432323431336331306430646534317a6b5538476f4a4b6c61666a64436730373044314d5932646e662f6a6c4232445433414177366a5672704e75394d435a334d347170694858546d6941736455376934626643504e504330744c7574414d6c763831684863736f6f4b4876706a44324c715862484e4c376e414c4c4c434b696c5a5559554b394654392b67486443223b),
('e5cvce1t7locrdk8ge23lqh5u7s1srha', '::1', 1640058380, 0x5f5f63695f6c6173745f726567656e65726174657c693a313634303035383338303b7265646972656374696f6e7c4e3b73746f72655f666c6173687c733a32363a2250656e646166746172616e20616b756e20626572686173696c21223b5f5f63695f766172737c613a353a7b733a31313a2273746f72655f666c617368223b733a333a226f6c64223b733a31313a226f726465725f666c617368223b733a333a226f6c64223b733a31333a227061796d656e745f666c617368223b733a333a226f6c64223b733a31313a226c6f67696e5f666c617368223b733a333a226f6c64223b733a31323a226f6c645f757365726e616d65223b733a333a226f6c64223b7d6f726465725f666c6173687c733a32363a224f7264657220626572686173696c20646974616d6261686b616e223b7061796d656e745f666c6173687c733a33323a2250656d6261796172616e20626572686173696c2064696b6f6e6669726d617369223b6c6f67696e5f666c6173687c733a31363a22426572686173696c206c6f676f757421223b6f6c645f757365726e616d657c733a343a22616c6469223b5f5f4143544956455f53455353494f4e5f444154417c733a3235363a2265616261633733313966616463376437376239363538356134643132643232396163306266626462336665343232313162376232663532643236383066363934623462626539666236636535393934626635363332333765333861656632386634316361323736623766383130643364653866363464303365353037353165624e7734693443695a675231482b344d662f6e7478714e73782f4657516e7346517a585736524c39547578646c53456858632b6d6d63575a55336c5763655675766b532b59566c4d317244445251707a493451645a514d5565644d3758486c3658395135623766314b6d39346548305573385033527879375a7146677267394d4c223b),
('tbmro0ko48gobm75mi2is9d30ir83b7m', '::1', 1640058845, 0x5f5f63695f6c6173745f726567656e65726174657c693a313634303035383834353b7265646972656374696f6e7c4e3b73746f72655f666c6173687c733a32363a2250656e646166746172616e20616b756e20626572686173696c21223b5f5f63695f766172737c613a353a7b733a31313a2273746f72655f666c617368223b733a333a226f6c64223b733a31313a226f726465725f666c617368223b733a333a226f6c64223b733a31333a227061796d656e745f666c617368223b733a333a226f6c64223b733a31313a226c6f67696e5f666c617368223b733a333a226f6c64223b733a31323a226f6c645f757365726e616d65223b733a333a226f6c64223b7d6f726465725f666c6173687c733a32363a2253746174757320626572686173696c2064697065726261727569223b7061796d656e745f666c6173687c733a33323a2250656d6261796172616e20626572686173696c2064696b6f6e6669726d617369223b6c6f67696e5f666c6173687c733a31363a22426572686173696c206c6f676f757421223b6f6c645f757365726e616d657c733a343a22616c6469223b),
('8gdrhvuqcodi4udn2pog5fb1pkk936vn', '::1', 1640059661, 0x5f5f63695f6c6173745f726567656e65726174657c693a313634303035393636313b7265646972656374696f6e7c4e3b73746f72655f666c6173687c733a32363a2250656e646166746172616e20616b756e20626572686173696c21223b5f5f63695f766172737c613a353a7b733a31313a2273746f72655f666c617368223b733a333a226f6c64223b733a31313a226f726465725f666c617368223b733a333a226f6c64223b733a31333a227061796d656e745f666c617368223b733a333a226f6c64223b733a31313a226c6f67696e5f666c617368223b733a333a226f6c64223b733a31323a226f6c645f757365726e616d65223b733a333a226f6c64223b7d6f726465725f666c6173687c733a32363a2253746174757320626572686173696c2064697065726261727569223b7061796d656e745f666c6173687c733a33323a2250656d6261796172616e20626572686173696c2064696b6f6e6669726d617369223b6c6f67696e5f666c6173687c733a31363a22426572686173696c206c6f676f757421223b6f6c645f757365726e616d657c733a343a22616c6469223b5f5f4143544956455f53455353494f4e5f444154417c733a3235363a226361633133613733346637653338306465656430303763316462643563336463373632663030333535623035666533313837376430373532363939653230656231333837366633653138393330613962663239313836623466643430376333633331323464653836666535623439623337383238363466633337633039376465494259796878566e7254417744554b332f35786b726f636d655364526e6a6f5278757777342f2f446855794a2f69776365632f63386744503239706f506d572f317a734f2b704e6f695953467943515875763530645352696d592b79612b5063796b732f4235676b4a7352776a41486e742b7045453833774d4d6d797947584b223b),
('tf9g39qs524k92bvc04fih9r85ov3c8q', '::1', 1640059963, 0x5f5f63695f6c6173745f726567656e65726174657c693a313634303035393936333b7265646972656374696f6e7c4e3b73746f72655f666c6173687c733a32363a2250656e646166746172616e20616b756e20626572686173696c21223b5f5f63695f766172737c613a353a7b733a31313a2273746f72655f666c617368223b733a333a226f6c64223b733a31313a226f726465725f666c617368223b733a333a226f6c64223b733a31333a227061796d656e745f666c617368223b733a333a226f6c64223b733a31313a226c6f67696e5f666c617368223b733a333a226f6c64223b733a31323a226f6c645f757365726e616d65223b733a333a226f6c64223b7d6f726465725f666c6173687c733a32363a2253746174757320626572686173696c2064697065726261727569223b7061796d656e745f666c6173687c733a33323a2250656d6261796172616e20626572686173696c2064696b6f6e6669726d617369223b6c6f67696e5f666c6173687c733a31363a22426572686173696c206c6f676f757421223b6f6c645f757365726e616d657c733a343a22616c6469223b5f5f4143544956455f53455353494f4e5f444154417c733a3235363a2264396234616232613537663263353037626632343163333334623963633935366666323462653336363662643935666163636161396462396561663239383765666134643265303337663566326231373239346234636138633364666637333461636664343434306430626164623765333736313931393936373730356232377362785961354a2f3354434b6c4a747a632b6e65717965706d4a6b7971776d6178326d64304b394237394430774339474c67475239556d3567575766473052706870746d37576331526b77544c6e59396557522b6e66546e652f79484a6e7563464d3245334d3139384f502f567357795a35736437366867746a624953346a4e223b),
('iroiq8b0ohfimu9968c5a23hqofj8mb9', '::1', 1640060275, 0x5f5f63695f6c6173745f726567656e65726174657c693a313634303036303237353b7265646972656374696f6e7c4e3b73746f72655f666c6173687c733a32363a2250656e646166746172616e20616b756e20626572686173696c21223b5f5f63695f766172737c613a353a7b733a31313a2273746f72655f666c617368223b733a333a226f6c64223b733a31313a226f726465725f666c617368223b733a333a226f6c64223b733a31333a227061796d656e745f666c617368223b733a333a226f6c64223b733a31313a226c6f67696e5f666c617368223b733a333a226f6c64223b733a31323a226f6c645f757365726e616d65223b733a333a226f6c64223b7d6f726465725f666c6173687c733a32363a224f7264657220626572686173696c20646974616d6261686b616e223b7061796d656e745f666c6173687c733a37393a224b6f6e6669726d61736920626572686173696c2064696c616b756b616e2e2041646d696e20616b616e206d656d7665726966696b6173696e79612064616c616d2077616b74752031783234206a616d223b6c6f67696e5f666c6173687c733a31363a22426572686173696c206c6f676f757421223b6f6c645f757365726e616d657c733a343a22616c6469223b5f5f4143544956455f53455353494f4e5f444154417c733a3235363a2234366463373163653362663234393231323838383930653565623637383830323065376539346465333666656365626435303038393166383430323531656165633939323831613363373732356231323036343137636262623335613137343438643031313765386439646464326237646438316565313532303431363235634e69576d5056684b4c5849396f5271524766552f563267394b4a32624b35374b6b53302f636576367072734962702f363547353450726f546e57765a3337646f79635471466c664849534d6c527347776f794333442b527367717736304169547748732f446f4c356c715a6b6a6f5463397870624e64694638386a48454b6875223b),
('s3n8h7uu5j0ic9hidh9a4uv9cjus5k5u', '::1', 1640061040, 0x5f5f63695f6c6173745f726567656e65726174657c693a313634303036313034303b7265646972656374696f6e7c4e3b73746f72655f666c6173687c733a32363a2250656e646166746172616e20616b756e20626572686173696c21223b5f5f63695f766172737c613a353a7b733a31313a2273746f72655f666c617368223b733a333a226f6c64223b733a31313a226f726465725f666c617368223b733a333a226f6c64223b733a31333a227061796d656e745f666c617368223b733a333a226f6c64223b733a31313a226c6f67696e5f666c617368223b733a333a226f6c64223b733a31323a226f6c645f757365726e616d65223b733a333a226f6c64223b7d6f726465725f666c6173687c733a32363a2253746174757320626572686173696c2064697065726261727569223b7061796d656e745f666c6173687c733a33323a2250656d6261796172616e20626572686173696c2064696b6f6e6669726d617369223b6c6f67696e5f666c6173687c733a31363a22426572686173696c206c6f676f757421223b6f6c645f757365726e616d657c733a343a22616c6469223b5f5f4143544956455f53455353494f4e5f444154417c733a3235363a2234366463373163653362663234393231323838383930653565623637383830323065376539346465333666656365626435303038393166383430323531656165633939323831613363373732356231323036343137636262623335613137343438643031313765386439646464326237646438316565313532303431363235634e69576d5056684b4c5849396f5271524766552f563267394b4a32624b35374b6b53302f636576367072734962702f363547353450726f546e57765a3337646f79635471466c664849534d6c527347776f794333442b527367717736304169547748732f446f4c356c715a6b6a6f5463397870624e64694638386a48454b6875223b),
('c5gupood8669s8epm0irj8bvp0cvkkin', '::1', 1640061350, 0x5f5f63695f6c6173745f726567656e65726174657c693a313634303036313335303b7265646972656374696f6e7c4e3b73746f72655f666c6173687c733a32363a2250656e646166746172616e20616b756e20626572686173696c21223b5f5f63695f766172737c613a353a7b733a31313a2273746f72655f666c617368223b733a333a226f6c64223b733a31313a226f726465725f666c617368223b733a333a226f6c64223b733a31333a227061796d656e745f666c617368223b733a333a226f6c64223b733a31313a226c6f67696e5f666c617368223b733a333a226f6c64223b733a31323a226f6c645f757365726e616d65223b733a333a226f6c64223b7d6f726465725f666c6173687c733a32363a2253746174757320626572686173696c2064697065726261727569223b7061796d656e745f666c6173687c733a33323a2250656d6261796172616e20626572686173696c2064696b6f6e6669726d617369223b6c6f67696e5f666c6173687c733a31363a22426572686173696c206c6f676f757421223b6f6c645f757365726e616d657c733a343a22616c6469223b5f5f4143544956455f53455353494f4e5f444154417c733a3235363a2264313933653762633537393361646161386131333766303937303732643731343564363264336462333235343063346666376236376632646466356434653031653262616663656562343934313538316264616136623063643734383435363464613162633732633033623064383331373834383935613336353531383064663672654a43384b4655336d50477141524236334d4b696f4a346e2b644c356a654b7061494e454f2f423551692b6138484e5854796b6756522b64445536485462515068537261672b32354f3076366d72454267517a724e694d6f4539507850454862465273305a7958584c4b626d456774325578447068656a53345045644867223b),
('q1sbjsv9op946u5mdcii1f4la2dkg08m', '::1', 1640061991, 0x5f5f63695f6c6173745f726567656e65726174657c693a313634303036313939313b7265646972656374696f6e7c4e3b73746f72655f666c6173687c733a32363a2250656e646166746172616e20616b756e20626572686173696c21223b5f5f63695f766172737c613a363a7b733a31313a2273746f72655f666c617368223b733a333a226f6c64223b733a31313a226f726465725f666c617368223b733a333a226f6c64223b733a31333a227061796d656e745f666c617368223b733a333a226f6c64223b733a31313a226c6f67696e5f666c617368223b733a333a226f6c64223b733a31323a226f6c645f757365726e616d65223b733a333a226f6c64223b733a31383a22656469745f70726f647563745f666c617368223b733a333a226f6c64223b7d6f726465725f666c6173687c733a32363a2253746174757320626572686173696c2064697065726261727569223b7061796d656e745f666c6173687c733a33323a2250656d6261796172616e20626572686173696c2064696b6f6e6669726d617369223b6c6f67696e5f666c6173687c733a31363a22426572686173696c206c6f676f757421223b6f6c645f757365726e616d657c733a343a22616c6469223b5f5f4143544956455f53455353494f4e5f444154417c733a3235363a2264313933653762633537393361646161386131333766303937303732643731343564363264336462333235343063346666376236376632646466356434653031653262616663656562343934313538316264616136623063643734383435363464613162633732633033623064383331373834383935613336353531383064663672654a43384b4655336d50477141524236334d4b696f4a346e2b644c356a654b7061494e454f2f423551692b6138484e5854796b6756522b64445536485462515068537261672b32354f3076366d72454267517a724e694d6f4539507850454862465273305a7958584c4b626d456774325578447068656a53345045644867223b656469745f70726f647563745f666c6173687c733a32373a2250726f64756b20626572686173696c206469706572626172756921223b),
('ssmgqflfv1m0tnas9sv4b3q1jm84mgpe', '::1', 1640062301, 0x5f5f63695f6c6173745f726567656e65726174657c693a313634303036323330313b7265646972656374696f6e7c4e3b73746f72655f666c6173687c733a32363a2250656e646166746172616e20616b756e20626572686173696c21223b5f5f63695f766172737c613a363a7b733a31313a2273746f72655f666c617368223b733a333a226f6c64223b733a31313a226f726465725f666c617368223b733a333a226f6c64223b733a31333a227061796d656e745f666c617368223b733a333a226f6c64223b733a31313a226c6f67696e5f666c617368223b733a333a226f6c64223b733a31323a226f6c645f757365726e616d65223b733a333a226f6c64223b733a31383a22656469745f70726f647563745f666c617368223b733a333a226f6c64223b7d6f726465725f666c6173687c733a32363a224f7264657220626572686173696c20646974616d6261686b616e223b7061796d656e745f666c6173687c733a33323a2250656d6261796172616e20626572686173696c2064696b6f6e6669726d617369223b6c6f67696e5f666c6173687c733a31363a22426572686173696c206c6f676f757421223b6f6c645f757365726e616d657c733a343a22616c6469223b656469745f70726f647563745f666c6173687c733a32373a2250726f64756b20626572686173696c206469706572626172756921223b5f5f4143544956455f53455353494f4e5f444154417c733a3235363a223031313231326534613531306562623735376232303362333535326264336262663034366538383637363137613564616262623433633739386337363231383865373730653062383963393632663264336533646631333436323339653630306437363732666131626432646462346534343934616230333335373039333130466731374a794a773456677244617643684d6c4a324e6a2f303345677a697451654f545659494c516c56377479315448475774334b342f58477a787276496e374b7635562f666e2f6b73776a696f756c307a52516b755a4478435a5578456e325a356d627954467336765274696e6947444a624a50756c7375714e486f613539223b),
('skk64b70kcsf195f7h8263k820rq5vot', '::1', 1640063555, 0x5f5f63695f6c6173745f726567656e65726174657c693a313634303036333535353b7265646972656374696f6e7c4e3b73746f72655f666c6173687c733a32363a2250656e646166746172616e20616b756e20626572686173696c21223b5f5f63695f766172737c613a363a7b733a31313a2273746f72655f666c617368223b733a333a226f6c64223b733a31313a226f726465725f666c617368223b733a333a226f6c64223b733a31333a227061796d656e745f666c617368223b733a333a226f6c64223b733a31313a226c6f67696e5f666c617368223b733a333a226f6c64223b733a31323a226f6c645f757365726e616d65223b733a333a226f6c64223b733a31383a22656469745f70726f647563745f666c617368223b733a333a226f6c64223b7d6f726465725f666c6173687c733a32363a2253746174757320626572686173696c2064697065726261727569223b7061796d656e745f666c6173687c733a33323a2250656d6261796172616e20626572686173696c2064696b6f6e6669726d617369223b6c6f67696e5f666c6173687c733a31363a22426572686173696c206c6f676f757421223b6f6c645f757365726e616d657c733a343a22616c6469223b656469745f70726f647563745f666c6173687c733a32373a2250726f64756b20626572686173696c206469706572626172756921223b5f5f4143544956455f53455353494f4e5f444154417c733a3235363a223031313231326534613531306562623735376232303362333535326264336262663034366538383637363137613564616262623433633739386337363231383865373730653062383963393632663264336533646631333436323339653630306437363732666131626432646462346534343934616230333335373039333130466731374a794a773456677244617643684d6c4a324e6a2f303345677a697451654f545659494c516c56377479315448475774334b342f58477a787276496e374b7635562f666e2f6b73776a696f756c307a52516b755a4478435a5578456e325a356d627954467336765274696e6947444a624a50756c7375714e486f613539223b),
('7k48omvu4pdsugie97s753a01pff65aj', '::1', 1640070281, 0x5f5f63695f6c6173745f726567656e65726174657c693a313634303037303238313b7265646972656374696f6e7c4e3b73746f72655f666c6173687c733a32363a2250656e646166746172616e20616b756e20626572686173696c21223b5f5f63695f766172737c613a363a7b733a31313a2273746f72655f666c617368223b733a333a226f6c64223b733a31313a226f726465725f666c617368223b733a333a226f6c64223b733a31333a227061796d656e745f666c617368223b733a333a226f6c64223b733a31313a226c6f67696e5f666c617368223b733a333a226f6c64223b733a31323a226f6c645f757365726e616d65223b733a333a226f6c64223b733a31383a22656469745f70726f647563745f666c617368223b733a333a226f6c64223b7d6f726465725f666c6173687c733a32363a2253746174757320626572686173696c2064697065726261727569223b7061796d656e745f666c6173687c733a33323a2250656d6261796172616e20626572686173696c2064696b6f6e6669726d617369223b6c6f67696e5f666c6173687c733a31363a22426572686173696c206c6f676f757421223b6f6c645f757365726e616d657c733a343a22616c6469223b656469745f70726f647563745f666c6173687c733a32373a2250726f64756b20626572686173696c206469706572626172756921223b5f5f4143544956455f53455353494f4e5f444154417c733a3235363a223031313231326534613531306562623735376232303362333535326264336262663034366538383637363137613564616262623433633739386337363231383865373730653062383963393632663264336533646631333436323339653630306437363732666131626432646462346534343934616230333335373039333130466731374a794a773456677244617643684d6c4a324e6a2f303345677a697451654f545659494c516c56377479315448475774334b342f58477a787276496e374b7635562f666e2f6b73776a696f756c307a52516b755a4478435a5578456e325a356d627954467336765274696e6947444a624a50756c7375714e486f613539223b),
('piju7nopm6gmdubq85f82mfcmlderto3', '::1', 1640071723, 0x5f5f63695f6c6173745f726567656e65726174657c693a313634303037313732333b7265646972656374696f6e7c4e3b73746f72655f666c6173687c733a32363a2250656e646166746172616e20616b756e20626572686173696c21223b5f5f63695f766172737c613a363a7b733a31313a2273746f72655f666c617368223b733a333a226f6c64223b733a31313a226f726465725f666c617368223b733a333a226f6c64223b733a31333a227061796d656e745f666c617368223b733a333a226f6c64223b733a31313a226c6f67696e5f666c617368223b733a333a226f6c64223b733a31323a226f6c645f757365726e616d65223b733a333a226f6c64223b733a31383a22656469745f70726f647563745f666c617368223b733a333a226f6c64223b7d6f726465725f666c6173687c733a32363a2253746174757320626572686173696c2064697065726261727569223b7061796d656e745f666c6173687c733a33323a2250656d6261796172616e20626572686173696c2064696b6f6e6669726d617369223b6c6f67696e5f666c6173687c733a31363a22426572686173696c206c6f676f757421223b6f6c645f757365726e616d657c733a343a22616c6469223b656469745f70726f647563745f666c6173687c733a32373a2250726f64756b20626572686173696c206469706572626172756921223b5f5f4143544956455f53455353494f4e5f444154417c733a3235363a223031313231326534613531306562623735376232303362333535326264336262663034366538383637363137613564616262623433633739386337363231383865373730653062383963393632663264336533646631333436323339653630306437363732666131626432646462346534343934616230333335373039333130466731374a794a773456677244617643684d6c4a324e6a2f303345677a697451654f545659494c516c56377479315448475774334b342f58477a787276496e374b7635562f666e2f6b73776a696f756c307a52516b755a4478435a5578456e325a356d627954467336765274696e6947444a624a50756c7375714e486f613539223b),
('9u7hdj78vua81q5j7m8bv8pb3jk0f6kv', '::1', 1640072031, 0x5f5f63695f6c6173745f726567656e65726174657c693a313634303037323033313b73746f72655f666c6173687c733a32363a2250656e646166746172616e20616b756e20626572686173696c21223b5f5f63695f766172737c613a363a7b733a31313a2273746f72655f666c617368223b733a333a226f6c64223b733a31313a226f726465725f666c617368223b733a333a226f6c64223b733a31333a227061796d656e745f666c617368223b733a333a226f6c64223b733a31313a226c6f67696e5f666c617368223b733a333a226f6c64223b733a31323a226f6c645f757365726e616d65223b733a333a226f6c64223b733a31383a22656469745f70726f647563745f666c617368223b733a333a226f6c64223b7d6f726465725f666c6173687c733a32363a224f7264657220626572686173696c20646974616d6261686b616e223b7061796d656e745f666c6173687c733a37393a224b6f6e6669726d61736920626572686173696c2064696c616b756b616e2e2041646d696e20616b616e206d656d7665726966696b6173696e79612064616c616d2077616b74752031783234206a616d223b6c6f67696e5f666c6173687c733a31363a22426572686173696c206c6f676f757421223b6f6c645f757365726e616d657c733a343a22616c6469223b656469745f70726f647563745f666c6173687c733a32373a2250726f64756b20626572686173696c206469706572626172756921223b7265646972656374696f6e7c4e3b5f5f4143544956455f53455353494f4e5f444154417c733a3235363a226136663834666432633037356538656333626566626336633262313363363634633262623334386431656262356439323662363065666262353735386663633738393063633633633136313734626233336561626131346265636538316465396633633561316637356339366534613064363839366330653934316435323862447678397233725a5258347830683836344c6e51387371795a70375952577a787a2f50384f614a4566626d5a416969756f4d7249465935683958677a3657496f714234306e586a684d6a634a30395871354c707734647a737055314d303256307a586a7079697132536336736c4f497a39354830636d74584c68486874576c78223b),
('le503kc5jm76olvs21peh2mnttm6kgn2', '::1', 1640072445, 0x5f5f63695f6c6173745f726567656e65726174657c693a313634303037323434353b73746f72655f666c6173687c733a32363a2250656e646166746172616e20616b756e20626572686173696c21223b5f5f63695f766172737c613a363a7b733a31313a2273746f72655f666c617368223b733a333a226f6c64223b733a31313a226f726465725f666c617368223b733a333a226f6c64223b733a31333a227061796d656e745f666c617368223b733a333a226f6c64223b733a31313a226c6f67696e5f666c617368223b733a333a226f6c64223b733a31323a226f6c645f757365726e616d65223b733a333a226f6c64223b733a31383a22656469745f70726f647563745f666c617368223b733a333a226f6c64223b7d6f726465725f666c6173687c733a32363a2253746174757320626572686173696c2064697065726261727569223b7061796d656e745f666c6173687c733a33323a2250656d6261796172616e20626572686173696c2064696b6f6e6669726d617369223b6c6f67696e5f666c6173687c733a31363a22426572686173696c206c6f676f757421223b6f6c645f757365726e616d657c733a343a22616c6469223b656469745f70726f647563745f666c6173687c733a32373a2250726f64756b20626572686173696c206469706572626172756921223b7265646972656374696f6e7c4e3b5f5f4143544956455f53455353494f4e5f444154417c733a3235363a226136663834666432633037356538656333626566626336633262313363363634633262623334386431656262356439323662363065666262353735386663633738393063633633633136313734626233336561626131346265636538316465396633633561316637356339366534613064363839366330653934316435323862447678397233725a5258347830683836344c6e51387371795a70375952577a787a2f50384f614a4566626d5a416969756f4d7249465935683958677a3657496f714234306e586a684d6a634a30395871354c707734647a737055314d303256307a586a7079697132536336736c4f497a39354830636d74584c68486874576c78223b),
('2fnlkl3qvlb70ki4o77karpm2akf2sf8', '::1', 1640072754, 0x5f5f63695f6c6173745f726567656e65726174657c693a313634303037323735343b73746f72655f666c6173687c733a32363a2250656e646166746172616e20616b756e20626572686173696c21223b5f5f63695f766172737c613a363a7b733a31313a2273746f72655f666c617368223b733a333a226f6c64223b733a31313a226f726465725f666c617368223b733a333a226f6c64223b733a31333a227061796d656e745f666c617368223b733a333a226f6c64223b733a31313a226c6f67696e5f666c617368223b733a333a226f6c64223b733a31323a226f6c645f757365726e616d65223b733a333a226f6c64223b733a31383a22656469745f70726f647563745f666c617368223b733a333a226f6c64223b7d6f726465725f666c6173687c733a32363a2253746174757320626572686173696c2064697065726261727569223b7061796d656e745f666c6173687c733a33323a2250656d6261796172616e20626572686173696c2064696b6f6e6669726d617369223b6c6f67696e5f666c6173687c733a31363a22426572686173696c206c6f676f757421223b6f6c645f757365726e616d657c733a343a22616c6469223b656469745f70726f647563745f666c6173687c733a32373a2250726f64756b20626572686173696c206469706572626172756921223b7265646972656374696f6e7c4e3b5f5f4143544956455f53455353494f4e5f444154417c733a3235363a2232623262633731343463303338653336666363363237313433313536373935346431366135613339346337616565323961666335663431313134303364356162376535306336343833663066393133663137383062323966326139643636636565303236383632613761333530326134303566306631626530313663393738657363466c775a73715346475663627034776e36726d62376b66356154746869796b73676e6944717676732f41796536537865624c475261622b575a42615a5a343274687255766b6932544b776f344d43457361765735415973456c622b5a4a32524b7835696d642b6730726668546b66777a48584a56477336516c4277725656223b),
('vd82ef4l27ch9v8tomj7aj4kjbt21ata', '::1', 1640073183, 0x5f5f63695f6c6173745f726567656e65726174657c693a313634303037333138333b73746f72655f666c6173687c733a32363a2250656e646166746172616e20616b756e20626572686173696c21223b5f5f63695f766172737c613a363a7b733a31313a2273746f72655f666c617368223b733a333a226f6c64223b733a31313a226f726465725f666c617368223b733a333a226f6c64223b733a31333a227061796d656e745f666c617368223b733a333a226f6c64223b733a31313a226c6f67696e5f666c617368223b733a333a226f6c64223b733a31323a226f6c645f757365726e616d65223b733a333a226f6c64223b733a31383a22656469745f70726f647563745f666c617368223b733a333a226f6c64223b7d6f726465725f666c6173687c733a32363a2253746174757320626572686173696c2064697065726261727569223b7061796d656e745f666c6173687c733a33323a2250656d6261796172616e20626572686173696c2064696b6f6e6669726d617369223b6c6f67696e5f666c6173687c733a31363a22426572686173696c206c6f676f757421223b6f6c645f757365726e616d657c733a343a22616c6469223b656469745f70726f647563745f666c6173687c733a32373a2250726f64756b20626572686173696c206469706572626172756921223b7265646972656374696f6e7c4e3b5f5f4143544956455f53455353494f4e5f444154417c733a3235363a223433623332663266346236633861373336643163386166363361633765363461626361636430616231333933363838613964656661356566303132353237353133323464643234613532323432363334323336653065393566383061386462303032653034353838653534346538626666306531386366326237643038653633704d6c656568384d6c444a42726a506e4a387471724c393836534738304765536c613268537a4e347548586c634b466d6f7338472f75746a777a31422f5843715879674e4f456b6474304e75307a4a506e663941727652436b6d733765782b724a477461433558533659423255734d4b4f455759714c76664f6779712b694865223b636172745f636f6e74656e74737c613a333a7b733a31303a22636172745f746f74616c223b643a32303030303b733a31313a22746f74616c5f6974656d73223b643a323b733a33323a226138376666363739613266336537316439313831613637623735343231323263223b613a363a7b733a323a226964223b733a313a2234223b733a333a22717479223b643a323b733a353a227072696365223b643a31303030303b733a343a226e616d65223b733a353a22546f6d6174223b733a353a22726f776964223b733a33323a226138376666363739613266336537316439313831613637623735343231323263223b733a383a22737562746f74616c223b643a32303030303b7d7d6f726465725f7175616e746974797c613a313a7b693a343b613a323a7b733a333a22717479223b643a323b733a353a227072696365223b643a31303030303b7d7d746f74616c5f70726963657c643a32363030303b),
('nt4ikjlve4o58u26iqher6ngrb1ftum9', '::1', 1640073643, 0x5f5f63695f6c6173745f726567656e65726174657c693a313634303037333634333b73746f72655f666c6173687c733a32363a2250656e646166746172616e20616b756e20626572686173696c21223b5f5f63695f766172737c613a363a7b733a31313a2273746f72655f666c617368223b733a333a226f6c64223b733a31313a226f726465725f666c617368223b733a333a226f6c64223b733a31333a227061796d656e745f666c617368223b733a333a226f6c64223b733a31313a226c6f67696e5f666c617368223b733a333a226f6c64223b733a31323a226f6c645f757365726e616d65223b733a333a226f6c64223b733a31383a22656469745f70726f647563745f666c617368223b733a333a226f6c64223b7d6f726465725f666c6173687c733a32363a2253746174757320626572686173696c2064697065726261727569223b7061796d656e745f666c6173687c733a33323a2250656d6261796172616e20626572686173696c2064696b6f6e6669726d617369223b6c6f67696e5f666c6173687c733a31363a22426572686173696c206c6f676f757421223b6f6c645f757365726e616d657c733a343a22616c6469223b656469745f70726f647563745f666c6173687c733a32373a2250726f64756b20626572686173696c206469706572626172756921223b7265646972656374696f6e7c4e3b636172745f636f6e74656e74737c613a333a7b733a31303a22636172745f746f74616c223b643a32303030303b733a31313a22746f74616c5f6974656d73223b643a323b733a33323a226138376666363739613266336537316439313831613637623735343231323263223b613a363a7b733a323a226964223b733a313a2234223b733a333a22717479223b643a323b733a353a227072696365223b643a31303030303b733a343a226e616d65223b733a353a22546f6d6174223b733a353a22726f776964223b733a33323a226138376666363739613266336537316439313831613637623735343231323263223b733a383a22737562746f74616c223b643a32303030303b7d7d6f726465725f7175616e746974797c613a313a7b693a343b613a323a7b733a333a22717479223b643a323b733a353a227072696365223b643a31303030303b7d7d746f74616c5f70726963657c643a32363030303b),
('o420v2pm7fcuk50u3h0qrs33cafm9osf', '::1', 1640074934, 0x5f5f63695f6c6173745f726567656e65726174657c693a313634303037343933343b73746f72655f666c6173687c733a32363a2250656e646166746172616e20616b756e20626572686173696c21223b5f5f63695f766172737c613a363a7b733a31313a2273746f72655f666c617368223b733a333a226f6c64223b733a31313a226f726465725f666c617368223b733a333a226f6c64223b733a31333a227061796d656e745f666c617368223b733a333a226f6c64223b733a31313a226c6f67696e5f666c617368223b733a333a226f6c64223b733a31323a226f6c645f757365726e616d65223b733a333a226f6c64223b733a31383a22656469745f70726f647563745f666c617368223b733a333a226f6c64223b7d6f726465725f666c6173687c733a32363a2253746174757320626572686173696c2064697065726261727569223b7061796d656e745f666c6173687c733a33323a2250656d6261796172616e20626572686173696c2064696b6f6e6669726d617369223b6c6f67696e5f666c6173687c733a31363a22426572686173696c206c6f676f757421223b6f6c645f757365726e616d657c733a343a22616c6469223b656469745f70726f647563745f666c6173687c733a32373a2250726f64756b20626572686173696c206469706572626172756921223b7265646972656374696f6e7c4e3b5f5f4143544956455f53455353494f4e5f444154417c733a3235363a2264393934376538386264383130643161363436323031316230626433643662343936393661346461343438303931313431316364316461616439636330396466343435353738343663633261373730643562623638666262376535313836303961363230333563396464343237646166383839373566353433656632383933362b38725573784437644758784c51344c6e46776475536363493179307a39497961516f487154454242666168394f315837543234724850314b73346565426d4b48527834702f4a334f6e4a344d7631744c6870512f324275454b324449574e49586f526d3866426a4b546f616a64747456316d55306c52476b4b446350515374223b),
('qn0kp0cclsb0f8pt2i5g48puc5520b4i', '::1', 1640075237, 0x5f5f63695f6c6173745f726567656e65726174657c693a313634303037353233373b73746f72655f666c6173687c733a32363a2250656e646166746172616e20616b756e20626572686173696c21223b5f5f63695f766172737c613a363a7b733a31313a2273746f72655f666c617368223b733a333a226f6c64223b733a31313a226f726465725f666c617368223b733a333a226f6c64223b733a31333a227061796d656e745f666c617368223b733a333a226f6c64223b733a31313a226c6f67696e5f666c617368223b733a333a226f6c64223b733a31323a226f6c645f757365726e616d65223b733a333a226f6c64223b733a31383a22656469745f70726f647563745f666c617368223b733a333a226f6c64223b7d6f726465725f666c6173687c733a32363a2253746174757320626572686173696c2064697065726261727569223b7061796d656e745f666c6173687c733a33323a2250656d6261796172616e20626572686173696c2064696b6f6e6669726d617369223b6c6f67696e5f666c6173687c733a31363a22426572686173696c206c6f676f757421223b6f6c645f757365726e616d657c733a343a22616c6469223b656469745f70726f647563745f666c6173687c733a32373a2250726f64756b20626572686173696c206469706572626172756921223b7265646972656374696f6e7c4e3b5f5f4143544956455f53455353494f4e5f444154417c733a3235363a22383134333036666261346461646534363732363261376333636366306333633830653536353339333161626663643037323537363261656238383538373439313866306666306639643964303666343738616666613561333165333038646237376235663663336662363366306566346134663132376633336235316562306446786a45624f41716142776c5a62414f6d3653477a6e75484945647751487263713458356b7958475630655174716876365649516d47792b416a64694379346e417632336f2b6f3833724a3462475052625132696c312f726231356b2f5972736743492b766478352f764f614f4b6e4164544c45687a472f516c626874625957223b),
('hmdn514qtdtcr2m29ju7lgo7502skaga', '::1', 1640075331, 0x5f5f63695f6c6173745f726567656e65726174657c693a313634303037353233373b73746f72655f666c6173687c733a32363a2250656e646166746172616e20616b756e20626572686173696c21223b5f5f63695f766172737c613a363a7b733a31313a2273746f72655f666c617368223b733a333a226f6c64223b733a31313a226f726465725f666c617368223b733a333a226f6c64223b733a31333a227061796d656e745f666c617368223b733a333a226f6c64223b733a31313a226c6f67696e5f666c617368223b733a333a226f6c64223b733a31323a226f6c645f757365726e616d65223b733a333a226f6c64223b733a31383a22656469745f70726f647563745f666c617368223b733a333a226f6c64223b7d6f726465725f666c6173687c733a32363a2253746174757320626572686173696c2064697065726261727569223b7061796d656e745f666c6173687c733a33323a2250656d6261796172616e20626572686173696c2064696b6f6e6669726d617369223b6c6f67696e5f666c6173687c733a31363a22426572686173696c206c6f676f757421223b6f6c645f757365726e616d657c733a343a22616c6469223b656469745f70726f647563745f666c6173687c733a32373a2250726f64756b20626572686173696c206469706572626172756921223b7265646972656374696f6e7c4e3b5f5f4143544956455f53455353494f4e5f444154417c733a3235363a2236393538303633333438343235666561666232343130353565383231353638666265353737636431653732313935613734323935373063663538343335336330306264366666343338336338356432316330313735356565303334623565623334323664376630653165303264656233346335663263666133363436396530647a63614e31576e3075673564476666495a4a4c79733062344e537078447045457551307a67792f7a2b722f46743269796c397576645471306f75477a6231704e323538416835733863545265445861674f77424735787858646874446d594c33674777642b354941312b444946765a4d526839424a525951767879504f447971223b),
('ob36d2js937eqskjed1qsjcbcobkjbic', '::1', 1640140181, 0x5f5f63695f6c6173745f726567656e65726174657c693a313634303134303138313b7265646972656374696f6e7c4e3b5f5f4143544956455f53455353494f4e5f444154417c733a3235363a2232613033663932326466333963323064663338343261643337373765313966653831393238353136356466626537303961366266333664386230653634336665643639343338353732633336623732383439396630343433333166653564656261343533373230366630613066633733643165316664393930316662353235635458584748723873777642374c5758736a4837423745453179694867554c596a377859344a74505049366f4a587635315a6959494b4b4f767869714550526f4f4e4275645449616f55752b584e6f4f323470765a6c2f43545a324853506b7665666d424a6f303755746d69454f714b51393933463872716b3156762b596c4631223b6164645f6e65775f70726f647563745f666c6173687c733a33333a2250726f64756b206261727520626572686173696c20646974616d6261686b616e21223b5f5f63695f766172737c613a323a7b733a32313a226164645f6e65775f70726f647563745f666c617368223b733a333a226f6c64223b733a31383a22656469745f70726f647563745f666c617368223b733a333a226f6c64223b7d656469745f70726f647563745f666c6173687c733a32373a2250726f64756b20626572686173696c206469706572626172756921223b),
('9p11risormcoc464drtvdnnm9kgj02lq', '::1', 1640145741, 0x5f5f63695f6c6173745f726567656e65726174657c693a313634303134353734313b7265646972656374696f6e7c4e3b5f5f4143544956455f53455353494f4e5f444154417c733a3235363a2232613033663932326466333963323064663338343261643337373765313966653831393238353136356466626537303961366266333664386230653634336665643639343338353732633336623732383439396630343433333166653564656261343533373230366630613066633733643165316664393930316662353235635458584748723873777642374c5758736a4837423745453179694867554c596a377859344a74505049366f4a587635315a6959494b4b4f767869714550526f4f4e4275645449616f55752b584e6f4f323470765a6c2f43545a324853506b7665666d424a6f303755746d69454f714b51393933463872716b3156762b596c4631223b6164645f6e65775f70726f647563745f666c6173687c733a33333a2250726f64756b206261727520626572686173696c20646974616d6261686b616e21223b5f5f63695f766172737c613a323a7b733a32313a226164645f6e65775f70726f647563745f666c617368223b733a333a226f6c64223b733a31383a22656469745f70726f647563745f666c617368223b733a333a226f6c64223b7d656469745f70726f647563745f666c6173687c733a32373a2250726f64756b20626572686173696c206469706572626172756921223b),
('4h737tlj0l0820jcakd3u7o4rf33524i', '::1', 1640146048, 0x5f5f63695f6c6173745f726567656e65726174657c693a313634303134363034383b6164645f6e65775f70726f647563745f666c6173687c733a33333a2250726f64756b206261727520626572686173696c20646974616d6261686b616e21223b5f5f63695f766172737c613a343a7b733a32313a226164645f6e65775f70726f647563745f666c617368223b733a333a226f6c64223b733a31383a22656469745f70726f647563745f666c617368223b733a333a226f6c64223b733a31313a226c6f67696e5f666c617368223b733a333a226f6c64223b733a31313a226f726465725f666c617368223b733a333a226f6c64223b7d656469745f70726f647563745f666c6173687c733a32373a2250726f64756b20626572686173696c206469706572626172756921223b6c6f67696e5f666c6173687c733a31363a22426572686173696c206c6f676f757421223b5f5f4143544956455f53455353494f4e5f444154417c733a3235363a22663433646435373066313563333663393437653664643836316266666639636433623137633361656431636232363161326632323039373163386466643439666431383435353732393936616665616331666461666264383936393562333463323932346534663137373033363832353866373766643536356434316465663277576e7a634265753071574659543633476532744767757656365978365353373664454237452f4e682b43385175625350364b7a5455356e4664334d3468744a2b797a6a46386b676d4443416f774a7454303465646e6d7268687a43506152483471727a6c41382b485651556c4e6262734d41737030672f4b756d76414e7341223b6f726465725f666c6173687c733a32363a224f7264657220626572686173696c20646974616d6261686b616e223b),
('n66orit8j4fmv9tel0mlg35cnfm7o2uh', '::1', 1640146123, 0x5f5f63695f6c6173745f726567656e65726174657c693a313634303134363034383b6164645f6e65775f70726f647563745f666c6173687c733a33333a2250726f64756b206261727520626572686173696c20646974616d6261686b616e21223b5f5f63695f766172737c613a353a7b733a32313a226164645f6e65775f70726f647563745f666c617368223b733a333a226f6c64223b733a31383a22656469745f70726f647563745f666c617368223b733a333a226f6c64223b733a31313a226c6f67696e5f666c617368223b733a333a226f6c64223b733a31313a226f726465725f666c617368223b733a333a226f6c64223b733a31333a227061796d656e745f666c617368223b733a333a226f6c64223b7d656469745f70726f647563745f666c6173687c733a32373a2250726f64756b20626572686173696c206469706572626172756921223b6c6f67696e5f666c6173687c733a31363a22426572686173696c206c6f676f757421223b6f726465725f666c6173687c733a32363a2253746174757320626572686173696c2064697065726261727569223b7061796d656e745f666c6173687c733a33323a2250656d6261796172616e20626572686173696c2064696b6f6e6669726d617369223b7265646972656374696f6e7c4e3b5f5f4143544956455f53455353494f4e5f444154417c733a3235363a22663262636431623933356263316133643665313735303163303666333035323831656635333462633735376434633034613263323165356637653238663131323066316565333934343531326231646330353864353063323936663231323735393335613065623663313433386639313863633264306233623231666331616378476164694e352b6b7141336d696c3176586a753166704f634e7847676342543763364c7a747a6d3836563249507177487a695444644a6451436e31572f71625a312b4f4f325737717575324f66754163337456777461793275385458394d4c4d5444434f6c36773871684a51704941394d4f5030426e426b584e7571635269223b),
('ht1vvsahvd8h4kuvuo7j1o9vp935g9e9', '::1', 1640158767, 0x5f5f63695f6c6173745f726567656e65726174657c693a313634303135383736373b),
('hg3at2399hu70pv03lkvh74uh60olgs9', '::1', 1640162779, 0x5f5f63695f6c6173745f726567656e65726174657c693a313634303136323737393b7265646972656374696f6e7c733a38343a226148523063446f764c327876593246736147397a64433930623274764c584e68655856794c326c755a4756344c6e426f6343396a64584e306232316c6369397759586c745a5735306379396a6232356d61584a74223b636172745f636f6e74656e74737c613a333a7b733a31303a22636172745f746f74616c223b643a383030303b733a31313a22746f74616c5f6974656d73223b643a313b733a33323a226338316537323864396434633266363336663036376638396363313438363263223b613a363a7b733a323a226964223b733a313a2232223b733a333a22717479223b643a313b733a353a227072696365223b643a383030303b733a343a226e616d65223b733a363a2250616b636f79223b733a353a22726f776964223b733a33323a226338316537323864396434633266363336663036376638396363313438363263223b733a383a22737562746f74616c223b643a383030303b7d7d),
('v6354gmkitue07tpbelgfmbqfbgbjs36', '::1', 1640163197, 0x5f5f63695f6c6173745f726567656e65726174657c693a313634303136333139373b6f726465725f666c6173687c733a32363a2253746174757320626572686173696c2064697065726261727569223b5f5f63695f766172737c613a333a7b733a31313a226f726465725f666c617368223b733a333a226f6c64223b733a31333a227061796d656e745f666c617368223b733a333a226f6c64223b733a31313a226c6f67696e5f666c617368223b733a333a226f6c64223b7d7061796d656e745f666c6173687c733a33323a2250656d6261796172616e20626572686173696c2064696b6f6e6669726d617369223b6c6f67696e5f666c6173687c733a31363a22426572686173696c206c6f676f757421223b7265646972656374696f6e7c4e3b5f5f4143544956455f53455353494f4e5f444154417c733a3235363a2265343933386363616265636136376234663564303064373330326536393138373462616662636366366564633364326139326362623538623866666534353939383334623435316265353963396537613830306139636662313432653831666462666462336336666137323432386138653462323062613334313539643765303464646670393142664642386b366e434b78744e4764764d4b47724743564d3266564658327370316b724a316a71786a5746775555754d2b697931565835336e58597778307855484344504c6e46315271546171795a58686953437353537748747832526746443949386b6f326a635a49316d4b33724d54626a795274584b74223b),
('fdk9bp108v6g4pgvg2tlcs41f7h7fd9p', '::1', 1640163499, 0x5f5f63695f6c6173745f726567656e65726174657c693a313634303136333439393b6f726465725f666c6173687c733a32363a2253746174757320626572686173696c2064697065726261727569223b5f5f63695f766172737c613a333a7b733a31313a226f726465725f666c617368223b733a333a226f6c64223b733a31333a227061796d656e745f666c617368223b733a333a226f6c64223b733a31313a226c6f67696e5f666c617368223b733a333a226f6c64223b7d7061796d656e745f666c6173687c733a33323a2250656d6261796172616e20626572686173696c2064696b6f6e6669726d617369223b6c6f67696e5f666c6173687c733a31363a22426572686173696c206c6f676f757421223b7265646972656374696f6e7c4e3b5f5f4143544956455f53455353494f4e5f444154417c733a3235363a22336164363931653565613636346238323536323233613264323132353930356438386539383637366432646164353633313236383934336634313739616566343532373463666263366563623661636132626430383866653765303631663863666239366461653438313165333861333166303732393265303866323134653370473648506b786472704b4c6972646c4275644239706c667155714846704f443445786e464e376c545a4c7378724c7266523945375569364e7333586f354b716b3635776732342b464a567a766d345552486371387166432f41756a6e7537627475354a664a357a4e533965465852505a696f4e454a2b4f63653633706e6977223b),
('ddhgtqpp6j68960a1u5cpukki8qfc4oi', '::1', 1640163668, 0x5f5f63695f6c6173745f726567656e65726174657c693a313634303136333439393b6f726465725f666c6173687c733a32363a2253746174757320626572686173696c2064697065726261727569223b5f5f63695f766172737c613a333a7b733a31313a226f726465725f666c617368223b733a333a226f6c64223b733a31333a227061796d656e745f666c617368223b733a333a226f6c64223b733a31313a226c6f67696e5f666c617368223b733a333a226f6c64223b7d7061796d656e745f666c6173687c733a33323a2250656d6261796172616e20626572686173696c2064696b6f6e6669726d617369223b6c6f67696e5f666c6173687c733a31363a22426572686173696c206c6f676f757421223b7265646972656374696f6e7c4e3b5f5f4143544956455f53455353494f4e5f444154417c733a3235363a22336164363931653565613636346238323536323233613264323132353930356438386539383637366432646164353633313236383934336634313739616566343532373463666263366563623661636132626430383866653765303631663863666239366461653438313165333861333166303732393265303866323134653370473648506b786472704b4c6972646c4275644239706c667155714846704f443445786e464e376c545a4c7378724c7266523945375569364e7333586f354b716b3635776732342b464a567a766d345552486371387166432f41756a6e7537627475354a664a357a4e533965465852505a696f4e454a2b4f63653633706e6977223b),
('p9v55u9c4i7ne3s66mnpit8qkqph7dl4', '::1', 1640714566, 0x5f5f63695f6c6173745f726567656e65726174657c693a313634303731343536363b),
('398l4lc4h7np8qfrobm3sm9la23of71n', '::1', 1640714566, 0x5f5f63695f6c6173745f726567656e65726174657c693a313634303731343536363b),
('50sf5p4ud30hhjgrjm8vknatqpsqvtp3', '::1', 1640851466, 0x5f5f63695f6c6173745f726567656e65726174657c693a313634303835313434343b);
INSERT INTO `ci_sessions` (`id`, `ip_address`, `timestamp`, `data`) VALUES
('al6ak0h6a40add9n2jma75193shtav62', '::1', 1646632358, 0x5f5f63695f6c6173745f726567656e65726174657c693a313634363633323335383b7265646972656374696f6e7c4e3b6c6f67696e5f666c6173687c733a31363a22426572686173696c206c6f676f757421223b5f5f63695f766172737c613a313a7b733a31313a226c6f67696e5f666c617368223b733a333a226f6c64223b7d5f5f4143544956455f53455353494f4e5f444154417c733a3235363a22346636373263393138393934363463663538323036313835306237323261353462613032306439623662653232366135366562376333303662393236306262653737633936323235336330623833373433343961376633666631613962636336633033616133366530316666336239643930356238633538663962336662613939704d366172795058334d4d2f4d47663279686b4831535938427a302f5055617962746a66647770725936537363717a45705961436f35447247795541762f47564d44466e61724d6755457468384e7054503957716b53587862315351566b5439494a4f4f61516c6967524f6c6d32446f2f325a464e53305330496c5a796d65223b636172745f636f6e74656e74737c613a343a7b733a31303a22636172745f746f74616c223b643a31333030303b733a31313a22746f74616c5f6974656d73223b643a323b733a33323a226334636134323338613062393233383230646363353039613666373538343962223b613a363a7b733a323a226964223b733a313a2231223b733a333a22717479223b643a313b733a353a227072696365223b643a353030303b733a343a226e616d65223b733a383a224b616e676b756e67223b733a353a22726f776964223b733a33323a226334636134323338613062393233383230646363353039613666373538343962223b733a383a22737562746f74616c223b643a353030303b7d733a33323a226433643934343638303261343432353937353564333865366431363365383230223b613a363a7b733a323a226964223b733a323a223130223b733a333a22717479223b643a313b733a353a227072696365223b643a383030303b733a343a226e616d65223b733a343a2253617769223b733a353a22726f776964223b733a33323a226433643934343638303261343432353937353564333865366431363365383230223b733a383a22737562746f74616c223b643a383030303b7d7d6f726465725f7175616e746974797c613a323a7b693a313b613a323a7b733a333a22717479223b643a313b733a353a227072696365223b643a353030303b7d693a31303b613a323a7b733a333a22717479223b643a313b733a353a227072696365223b643a383030303b7d7d746f74616c5f70726963657c643a31393030303b),
('v499ra2lepsphdk0tbnn99nkh25047iq', '::1', 1646632687, 0x5f5f63695f6c6173745f726567656e65726174657c693a313634363633323638373b6c6f67696e5f666c6173687c733a31363a22426572686173696c206c6f676f757421223b5f5f63695f766172737c613a333a7b733a31313a226c6f67696e5f666c617368223b733a333a226f6c64223b733a31313a226f726465725f666c617368223b733a333a226f6c64223b733a31333a227061796d656e745f666c617368223b733a333a226f6c64223b7d6f726465725f666c6173687c733a32363a224f7264657220626572686173696c20646974616d6261686b616e223b7265646972656374696f6e7c4e3b5f5f4143544956455f53455353494f4e5f444154417c733a3235363a22363833616463323833353862633335323336613239303030303139323262316262383439343138356436373637343236356161343137653833306431393863303331336663653137333636626139626438623062363264346235643634616161643561663932386431663334356238356362373339623766383134626233393152676a61696659443476354534464367794e2f504a6e75516e4e666d6d4a496d6f2b627566794e52503851617553577a79524e57654b334b6f55624e345277796749356e5a54306b424634556f556352477a5a6665646751686178714e6b6c48756a35303931365a394f65644953517335696a646c2b4d674a333042697a4779223b7061796d656e745f666c6173687c733a37393a224b6f6e6669726d61736920626572686173696c2064696c616b756b616e2e2041646d696e20616b616e206d656d7665726966696b6173696e79612064616c616d2077616b74752031783234206a616d223b),
('6o96olb4jfpdmgebeo6ue73ck3c614qa', '::1', 1646632724, 0x5f5f63695f6c6173745f726567656e65726174657c693a313634363633323638373b6c6f67696e5f666c6173687c733a31363a22426572686173696c206c6f676f757421223b5f5f63695f766172737c613a333a7b733a31313a226c6f67696e5f666c617368223b733a333a226f6c64223b733a31313a226f726465725f666c617368223b733a333a226f6c64223b733a31333a227061796d656e745f666c617368223b733a333a226f6c64223b7d6f726465725f666c6173687c733a32363a224f7264657220626572686173696c20646974616d6261686b616e223b7265646972656374696f6e7c4e3b7061796d656e745f666c6173687c733a37393a224b6f6e6669726d61736920626572686173696c2064696c616b756b616e2e2041646d696e20616b616e206d656d7665726966696b6173696e79612064616c616d2077616b74752031783234206a616d223b5f5f4143544956455f53455353494f4e5f444154417c733a3235363a2237383065643631303531393732343263356566636531343836646363363938646133393233613334303537306235636433646338613438343737393435643430633933376536663036313337306639333635366666333662623063376136313964623734333464386134643161336537643762396330613238636465363237652b774f49597a793661514d4f567153373671777548754b7631736878317a6a7543784e56565134395459574d6d5a39723273767a672f794d4e6c3877505751656265396f4f6b6e446d5a654f4d4b6867666a5151466f4570694a42384e734b614745422b6f396a6a775a5a644331705a6e516358742f5544424c65554e524378223b);

-- --------------------------------------------------------

--
-- Table structure for table `contacts`
--

CREATE TABLE `contacts` (
  `id` int(10) NOT NULL,
  `parent_id` int(10) DEFAULT NULL,
  `name` varchar(32) NOT NULL,
  `subject` varchar(128) DEFAULT NULL,
  `email` varchar(64) NOT NULL,
  `message` mediumtext NOT NULL,
  `contact_date` datetime DEFAULT NULL,
  `status` tinyint(1) DEFAULT 1,
  `reply_at` datetime DEFAULT NULL
) ENGINE=InnoDB DEFAULT CHARSET=utf8mb4;

--
-- Dumping data for table `contacts`
--

INSERT INTO `contacts` (`id`, `parent_id`, `name`, `subject`, `email`, `message`, `contact_date`, `status`, `reply_at`) VALUES
(1, NULL, 'aldi nurhanudin', 'Pengiriman kok lama?', 'aldinurhanudin08@gmail.com', 'pengiriman pesanan saya kok lama ya', '2021-11-29 07:40:13', 2, NULL);

-- --------------------------------------------------------

--
-- Table structure for table `coupons`
--

CREATE TABLE `coupons` (
  `id` bigint(20) NOT NULL,
  `name` varchar(191) NOT NULL,
  `code` varchar(32) NOT NULL,
  `credit` decimal(8,2) NOT NULL,
  `start_date` date NOT NULL,
  `expired_date` date NOT NULL,
  `is_active` tinyint(4) DEFAULT 1
) ENGINE=InnoDB DEFAULT CHARSET=utf8mb4;

--
-- Dumping data for table `coupons`
--

INSERT INTO `coupons` (`id`, `name`, `code`, `credit`, `start_date`, `expired_date`, `is_active`) VALUES
(4, 'Berbagi Itu indah', 'berbagi2021', '5000.00', '2021-10-07', '2021-10-10', 1),
(5, 'WELCOME OKTOBER', 'OCT21', '4000.00', '2021-10-01', '2021-10-04', 1),
(7, 'desemberceria', 'ceria12', '4000.00', '2021-12-21', '2021-12-30', 1);

-- --------------------------------------------------------

--
-- Table structure for table `customers`
--

CREATE TABLE `customers` (
  `id` bigint(20) NOT NULL,
  `user_id` bigint(20) UNSIGNED DEFAULT NULL,
  `name` varchar(191) NOT NULL,
  `phone_number` varchar(32) DEFAULT NULL,
  `address` varchar(191) NOT NULL,
  `profile_picture` varchar(191) DEFAULT NULL
) ENGINE=InnoDB DEFAULT CHARSET=utf8mb4;

--
-- Dumping data for table `customers`
--

INSERT INTO `customers` (`id`, `user_id`, `name`, `phone_number`, `address`, `profile_picture`) VALUES
(8, 9, 'ALDI NURHANUDIN', '081546847732', 'CELENG,INDRAMAYU', NULL),
(9, 10, 'zayn', '081546844678', 'CELENG,INDRAMAYU', NULL),
(10, 11, 'muslim', '08826273892', 'celeng,indramayu', 'Logo.png'),
(11, 12, '123', 'oqiqklkhk9', '124', NULL),
(12, 13, 'mona', 'mmmmmmmmm', 'svdb', NULL),
(13, 14, 'fajar bima', '084646475757', 'indramayu', NULL),
(14, 15, 'muhamad ikbal', '04098686865', 'celeng', NULL);

-- --------------------------------------------------------

--
-- Table structure for table `orders`
--

CREATE TABLE `orders` (
  `id` bigint(20) NOT NULL,
  `user_id` bigint(20) UNSIGNED DEFAULT NULL,
  `coupon_id` bigint(20) DEFAULT NULL,
  `order_number` varchar(16) NOT NULL,
  `order_status` enum('1','2','3','4','5') DEFAULT '1',
  `order_date` datetime NOT NULL,
  `total_price` decimal(8,2) DEFAULT NULL,
  `total_items` int(10) DEFAULT NULL,
  `payment_method` int(11) DEFAULT 1,
  `delivery_data` text DEFAULT NULL,
  `delivered_date` datetime DEFAULT NULL,
  `finish_date` datetime DEFAULT NULL
) ENGINE=InnoDB DEFAULT CHARSET=utf8mb4;

--
-- Dumping data for table `orders`
--

INSERT INTO `orders` (`id`, `user_id`, `coupon_id`, `order_number`, `order_status`, `order_date`, `total_price`, `total_items`, `payment_method`, `delivery_data`, `delivered_date`, `finish_date`) VALUES
(13, 9, NULL, 'WTX3122119439', '4', '2021-12-03 11:08:12', '21000.00', 1, 1, '{\"customer\":{\"name\":\"ALDI NURHANUDIN\",\"phone_number\":\"081546847732\",\"address\":\"CELENG,INDRAMAYU\"},\"note\":\"yang cepet yaa\"}', NULL, NULL),
(14, 9, NULL, 'JUN3122119754', '2', '2021-12-03 11:17:25', '11000.00', 1, 1, '{\"customer\":{\"name\":\"ALDI NURHANUDIN\",\"phone_number\":\"081546847732\",\"address\":\"CELENG,INDRAMAYU\"},\"note\":\"\"}', NULL, NULL),
(15, 10, NULL, 'IYX71221110890', '4', '2021-12-07 13:24:17', '16000.00', 1, 2, '{\"customer\":{\"name\":\"zayn\",\"phone_number\":\"081546844678\",\"address\":\"CELENG,INDRAMAYU\"},\"note\":\"\"}', NULL, NULL),
(16, 9, NULL, 'GNQ7122119372', '2', '2021-12-07 13:29:08', '26000.00', 1, 1, '{\"customer\":{\"name\":\"ALDI NURHANUDIN\",\"phone_number\":\"081546847732\",\"address\":\"CELENG,INDRAMAYU\"},\"note\":\"\"}', NULL, NULL),
(17, 9, NULL, 'OUV7122119123', '1', '2021-12-07 13:36:24', '16000.00', 1, 2, '{\"customer\":{\"name\":\"ALDI NURHANUDIN\",\"phone_number\":\"081546847732\",\"address\":\"CELENG,INDRAMAYU\"},\"note\":\"\"}', NULL, NULL),
(18, 11, NULL, 'ADQ211221111924', '4', '2021-12-21 01:21:54', '16000.00', 1, 1, '{\"customer\":{\"name\":\"muslim\",\"phone_number\":\"08826273892\",\"address\":\"celeng,indramayu\"},\"note\":\"oke\"}', NULL, NULL),
(19, 12, NULL, 'YJN211221212720', '2', '2021-12-21 09:53:20', '26000.00', 2, 1, '{\"customer\":{\"name\":\"123\",\"phone_number\":\"oqiqklkhk9\",\"address\":\"124\"},\"note\":\"y12\"}', NULL, NULL),
(20, 9, NULL, 'WYE21122119281', '1', '2021-12-21 10:21:20', '14000.00', 1, 1, '{\"customer\":{\"name\":\"ALDI NURHANUDIN\",\"phone_number\":\"081546847732\",\"address\":\"CELENG,INDRAMAYU\"},\"note\":\"\"}', NULL, NULL),
(21, 9, NULL, 'KSD21122119739', '4', '2021-12-21 10:45:50', '16000.00', 1, 1, '{\"customer\":{\"name\":\"ALDI NURHANUDIN\",\"phone_number\":\"081546847732\",\"address\":\"CELENG,INDRAMAYU\"},\"note\":\"\"}', NULL, NULL),
(22, 9, NULL, 'XHM21122119735', '4', '2021-12-21 10:56:04', '16000.00', 1, 1, '{\"customer\":{\"name\":\"ALDI NURHANUDIN\",\"phone_number\":\"081546847732\",\"address\":\"CELENG,INDRAMAYU\"},\"note\":\"huygyg\"}', NULL, NULL),
(23, 9, NULL, 'SAL21122119458', '3', '2021-12-21 11:10:33', '16000.00', 1, 1, '{\"customer\":{\"name\":\"ALDI NURHANUDIN\",\"phone_number\":\"081546847732\",\"address\":\"CELENG,INDRAMAYU\"},\"note\":\"fdsdsdd\"}', NULL, NULL),
(24, 9, NULL, 'VEW21122119904', '4', '2021-12-21 11:16:38', '16000.00', 1, 1, '{\"customer\":{\"name\":\"ALDI NURHANUDIN\",\"phone_number\":\"081546847732\",\"address\":\"CELENG,INDRAMAYU\"},\"note\":\"rrsdsddsd\"}', NULL, NULL),
(25, 9, NULL, 'RVC21122119159', '3', '2021-12-21 11:32:52', '16000.00', 1, 1, '{\"customer\":{\"name\":\"ALDI NURHANUDIN\",\"phone_number\":\"081546847732\",\"address\":\"CELENG,INDRAMAYU\"},\"note\":\"tiffnfns\"}', NULL, NULL),
(26, 9, NULL, 'ALR21122119172', '4', '2021-12-21 11:50:17', '14000.00', 1, 1, '{\"customer\":{\"name\":\"ALDI NURHANUDIN\",\"phone_number\":\"081546847732\",\"address\":\"CELENG,INDRAMAYU\"},\"note\":\"yang cepet\"}', NULL, NULL),
(27, 9, NULL, 'GAI21122129356', '4', '2021-12-21 14:31:18', '34000.00', 2, 1, '{\"customer\":{\"name\":\"ALDI NURHANUDIN\",\"phone_number\":\"081546847732\",\"address\":\"CELENG,INDRAMAYU\"},\"note\":\"secepatnya\"}', NULL, NULL),
(28, 9, NULL, 'IGR21122129601', '5', '2021-12-21 14:43:03', '21000.00', 2, 1, '{\"customer\":{\"name\":\"ALDI NURHANUDIN\",\"phone_number\":\"081546847732\",\"address\":\"CELENG,INDRAMAYU\"},\"note\":\"ditunggu \"}', NULL, NULL),
(29, 9, NULL, 'PZD21122129145', '3', '2021-12-21 15:01:47', '35000.00', 2, 1, '{\"customer\":{\"name\":\"ALDI NURHANUDIN\",\"phone_number\":\"081546847732\",\"address\":\"CELENG,INDRAMAYU\"},\"note\":\"ditunggu\"}', NULL, NULL),
(30, 9, NULL, 'VAK21122119214', '5', '2021-12-21 15:23:48', '11000.00', 1, 1, '{\"customer\":{\"name\":\"ALDI NURHANUDIN\",\"phone_number\":\"081546847732\",\"address\":\"CELENG,INDRAMAYU\"},\"note\":\"ditunggu secepatnya\"}', NULL, NULL),
(31, 9, NULL, 'NAW22122129437', '3', '2021-12-22 11:06:47', '19000.00', 2, 1, '{\"customer\":{\"name\":\"ALDI NURHANUDIN\",\"phone_number\":\"081546847732\",\"address\":\"CELENG,INDRAMAYU\"},\"note\":\"ditunggu\"}', NULL, NULL),
(32, 9, NULL, 'OOL22122129807', '5', '2021-12-22 15:47:08', '19000.00', 2, 1, '{\"customer\":{\"name\":\"ALDI NURHANUDIN\",\"phone_number\":\"081546847732\",\"address\":\"CELENG,INDRAMAYU\"},\"note\":\"\"}', NULL, NULL),
(33, 1, NULL, 'PUF732221064', '1', '2022-03-07 12:52:38', '19000.00', 2, 2, '{\"customer\":{\"name\":\"<div style=\",\"phone_number\":\"<div style=\",\"address\":\"<div style=\\\"border:1px solid #990000;paddin<h4everity: Warning<\\/p>\\r\\n<p>Message:  Attempt to read property \\\"address\\\" on null<\\/p>\\r\\n<p>Filename: shop\\/checkout.php<\\/p>\\r\\n<p>Line Number: 35<\\/p>\\r\\n\\r\\n\\r\\n\\t<p>Backtrace:<\\/p>\\r\\n\\t\\r\\n\\t\\t\\r\\n\\t\\r\\n\\t\\t\\r\\n\\t\\r\\n\\t\\t\\r\\n\\t\\t\\t<p style=\\\"margin-left:10px\\\">\\r\\n\\t\\t\\tFile: C:\\\\xampp\\\\htdocs\\\\toko-sayur\\\\application\\\\views\\\\themes\\\\vegefoods\\\\shop\\\\checkout.php<br \\/>\\r\\n\\t\\t\\tLine: 35<br \\/>\\r\\n\\t\\t\\tFunction: _error_handler\\t\\t\\t<\\/p>\\r\\n\\r\\n\\t\\t\\r\\n\\t\\r\\n\\t\\t\\r\\n\\t\\t\\t<p style=\\\"margin-left:10px\\\">\\r\\n\\t\\t\\tFile: C:\\\\xampp\\\\htdocs\\\\toko-sayur\\\\application\\\\third_party\\\\MX\\\\Loader.php<br \\/>\\r\\n\\t\\t\\tLine: 363<br \\/>\\r\\n\\t\\t\\tFunction: include\\t\\t\\t<\\/p>\\r\\n\\r\\n\\t\\t\\r\\n\\t\\r\\n\\t\\t\\r\\n\\t\\t\\t<p style=\\\"margin-left:10px\\\">\\r\\n\\t\\t\\tFile: C:\\\\xampp\\\\htdocs\\\\toko-sayur\\\\application\\\\third_party\\\\MX\\\\Loader.php<br \\/>\\r\\n\\t\\t\\tLine: 305<br \\/>\\r\\n\\t\\t\\tFunction: _ci_load\\t\\t\\t<\\/p>\\r\\n\\r\\n\\t\\t\\r\\n\\t\\r\\n\\t\\t\\r\\n\\t\\t\\t<p style=\\\"margin-left:10px\\\">\\r\\n\\t\\t\\tFile: C:\\\\xampp\\\\htdocs\\\\toko-sayur\\\\application\\\\helpers\\\\themes_helper.php<br \\/>\\r\\n\\t\\t\\tLine: 21<br \\/>\\r\\n\\t\\t\\tFunction: view\\t\\t\\t<\\/p>\\r\\n\\r\\n\\t\\t\\r\\n\\t\\r\\n\\t\\t\\r\\n\\t\\t\\t<p style=\\\"margin-left:10px\\\">\\r\\n\\t\\t\\tFile: C:\\\\xampp\\\\htdocs\\\\toko-sayur\\\\application\\\\controllers\\\\Shop.php<br \\/>\\r\\n\\t\\t\\tLine: 147<br \\/>\\r\\n\\t\\t\\tFunction: get_template_part\\t\\t\\t<\\/p>\\r\\n\\r\\n\\t\\t\\r\\n\\t\\r\\n\\t\\t\\r\\n\\t\\r\\n\\t\\t\\r\\n\\t\\t\\t<p style=\\\"margin-left:10px\\\">\\r\\n\\t\\t\\tFile: C:\\\\xampp\\\\htdocs\\\\toko-sayur\\\\index.php<br \\/>\\r\\n\\t\\t\\tLine: 290<br \\/>\\r\\n\\t\\t\\tFunction: require_once\\t\\t\\t<\\/p>\\r\\n\\r\\n\\t\\t\\r\\n\\t\\r\\n\\r\\n<\\/div>\"},\"note\":\"\"}', NULL, NULL),
(34, 9, NULL, 'JEC732219451', '2', '2022-03-07 12:55:39', '22000.00', 1, 1, '{\"customer\":{\"name\":\"ALDI NURHANUDIN\",\"phone_number\":\"081546847732\",\"address\":\"CELENG,INDRAMAYU\"},\"note\":\"\"}', NULL, NULL);

-- --------------------------------------------------------

--
-- Table structure for table `order_items`
--

CREATE TABLE `order_items` (
  `id` bigint(20) NOT NULL,
  `order_id` bigint(20) DEFAULT NULL,
  `product_id` bigint(20) DEFAULT NULL,
  `order_qty` int(10) NOT NULL,
  `order_price` decimal(8,2) DEFAULT NULL
) ENGINE=InnoDB DEFAULT CHARSET=utf8mb4;

--
-- Dumping data for table `order_items`
--

INSERT INTO `order_items` (`id`, `order_id`, `product_id`, `order_qty`, `order_price`) VALUES
(13, 9, 9, 1, '35000.00'),
(14, 9, 10, 1, '12000.00'),
(15, 9, 11, 1, '15000.00'),
(16, 10, 1, 2, '65000.00'),
(17, 10, 10, 1, '12000.00'),
(18, 11, 1, 2, '65000.00'),
(20, 13, 8, 1, '18000.00'),
(21, 14, 10, 1, '8000.00'),
(22, 15, 4, 1, '10000.00'),
(23, 16, 4, 2, '10000.00'),
(24, 17, 12, 1, '10000.00'),
(25, 18, 1, 2, '5000.00'),
(26, 19, 4, 1, '10000.00'),
(27, 19, 9, 2, '5000.00'),
(28, 20, 2, 1, '8000.00'),
(29, 21, 5, 1, '10000.00'),
(30, 22, 4, 1, '10000.00'),
(31, 23, 4, 1, '10000.00'),
(32, 24, 4, 1, '10000.00'),
(33, 25, 4, 1, '10000.00'),
(34, 26, 10, 1, '8000.00'),
(35, 27, 2, 1, '8000.00'),
(36, 27, 4, 2, '10000.00'),
(37, 28, 4, 1, '10000.00'),
(38, 28, 1, 1, '5000.00'),
(39, 29, 4, 3, '10000.00'),
(40, 29, 1, 1, '5000.00'),
(41, 30, 1, 1, '5000.00'),
(42, 31, 2, 1, '8000.00'),
(43, 31, 1, 1, '5000.00'),
(44, 32, 2, 1, '8000.00'),
(45, 32, 1, 1, '5000.00'),
(46, 33, 1, 1, '5000.00'),
(47, 33, 10, 1, '8000.00'),
(48, 34, 2, 2, '8000.00');

-- --------------------------------------------------------

--
-- Table structure for table `payments`
--

CREATE TABLE `payments` (
  `id` bigint(20) NOT NULL,
  `order_id` bigint(20) DEFAULT NULL,
  `payment_price` decimal(8,2) DEFAULT NULL,
  `payment_date` datetime NOT NULL,
  `picture_name` varchar(191) DEFAULT NULL,
  `payment_status` enum('1','2','3') DEFAULT '1',
  `confirmed_date` datetime DEFAULT NULL,
  `payment_data` text DEFAULT NULL
) ENGINE=InnoDB DEFAULT CHARSET=utf8mb4;

--
-- Dumping data for table `payments`
--

INSERT INTO `payments` (`id`, `order_id`, `payment_price`, `payment_date`, `picture_name`, `payment_status`, `confirmed_date`, `payment_data`) VALUES
(4, 5, '271000.00', '2020-03-29 08:20:39', 'category-1.jpg', '1', NULL, '{\"transfer_to\":\"bri\",\"source\":{\"bank\":\"Bank BRI\",\"name\":\"Agung Tri Saputra\",\"number\":\"12-345-678-9\"}}'),
(5, 7, '78000.00', '2020-03-30 08:51:08', 'html5.jpg', '2', NULL, '{\"transfer_to\":\"btn\",\"source\":{\"bank\":\"BANK BCA\",\"name\":\"MMS\",\"number\":\"123-456\"}}'),
(6, 11, '130000.00', '2021-05-04 10:39:11', 'REAKSI_ARTILERI-removebg-preview.png', '1', NULL, '{\"transfer_to\":\"bank-jago-xx\",\"source\":{\"bank\":\"we\",\"name\":\"ddf\",\"number\":\"123\"}}'),
(7, 13, '21.00', '2021-12-03 11:10:28', '3.jpg', '2', NULL, '{\"transfer_to\":\"bank-jagoss\",\"source\":{\"bank\":\"bri\",\"name\":\"ALDI NURHANUDIN\",\"number\":\"000202020\"}}'),
(8, 14, '11.00', '2021-12-03 11:18:07', 'facebook_blokir.jpg', NULL, NULL, '{\"transfer_to\":\"bank-jagoss\",\"source\":{\"bank\":\"bri\",\"name\":\"ALDI NURHANUDIN\",\"number\":\"000202020\"}}'),
(9, 16, '26.00', '2021-12-07 13:30:35', 'overloading1.jpg', '2', NULL, '{\"transfer_to\":\"bank-jago-xx\",\"source\":{\"bank\":\"bri\",\"name\":\"zayn\",\"number\":\"000202020\"}}'),
(10, 18, '16.00', '2021-12-21 01:22:41', 'Logo.png', '2', NULL, '{\"transfer_to\":\"bank-jago-xx\",\"source\":{\"bank\":\"bri\",\"name\":\"muslim\",\"number\":\"00020202393\"}}'),
(11, 19, '26.00', '2021-12-21 09:54:41', 'poster_proyek2_kelompok8.png', '2', NULL, '{\"transfer_to\":\"bank-jago-xx\",\"source\":{\"bank\":\"BRI\",\"name\":\"Farhan\",\"number\":\"098767990\"}}'),
(12, 21, '16.00', '2021-12-21 10:46:20', 'poster_proyek2_kelompok81.png', '2', NULL, '{\"transfer_to\":\"bank-jago-xx\",\"source\":{\"bank\":\"bri\",\"name\":\"aldi\",\"number\":\"88765554\"}}'),
(13, 22, '16.00', '2021-12-21 10:56:32', 'poster_proyek2_kelompok82.png', '2', NULL, '{\"transfer_to\":\"bank-jago-xx\",\"source\":{\"bank\":\"bri\",\"name\":\"aldi\",\"number\":\"8876767667\"}}'),
(14, 23, '16.00', '2021-12-21 11:10:58', 'poster_proyek2_kelompok83.png', '2', NULL, '{\"transfer_to\":\"bank-jago-xx\",\"source\":{\"bank\":\"bri\",\"name\":\"aldi\",\"number\":\"989978787\"}}'),
(15, 24, '16.00', '2021-12-21 11:17:06', 'poster_proyek2_kelompok84.png', '2', NULL, '{\"transfer_to\":\"bank-jago-xx\",\"source\":{\"bank\":\"bri\",\"name\":\"aldi\",\"number\":\"000202020\"}}'),
(16, 25, '16.00', '2021-12-21 11:33:22', 'poster_proyek2_kelompok85.png', '2', NULL, '{\"transfer_to\":\"bank-jago-xx\",\"source\":{\"bank\":\"bri\",\"name\":\"aldi\",\"number\":\"03843834\"}}'),
(17, 26, '14.00', '2021-12-21 11:50:54', 'poster_proyek2_kelompok86.png', '2', NULL, '{\"transfer_to\":\"bank-jago-xx\",\"source\":{\"bank\":\"bri\",\"name\":\"aldi\",\"number\":\"044844884\"}}'),
(18, 27, '34.00', '2021-12-21 14:32:24', 'poster_proyek2_kelompok87.png', '2', NULL, '{\"transfer_to\":\"bank-jago-xx\",\"source\":{\"bank\":\"bri\",\"name\":\"aldi\",\"number\":\"99484474747\"}}'),
(19, 28, '21.00', '2021-12-21 14:43:36', 'poster_proyek2_kelompok88.png', '2', NULL, '{\"transfer_to\":\"bank-jago-xx\",\"source\":{\"bank\":\"bri\",\"name\":\"aldi\",\"number\":\"0404040404\"}}'),
(20, 29, '35.00', '2021-12-21 15:02:18', 'poster_proyek2_kelompok89.png', '2', NULL, '{\"transfer_to\":\"bank-jago-xx\",\"source\":{\"bank\":\"bri\",\"name\":\"aldi\",\"number\":\"866554544\"}}'),
(21, 30, '11.00', '2021-12-21 15:24:14', 'poster_proyek2_kelompok810.png', '2', NULL, '{\"transfer_to\":\"bank-jago-xx\",\"source\":{\"bank\":\"bri\",\"name\":\"aldi\",\"number\":\"884588585\"}}'),
(22, 31, '19.00', '2021-12-22 11:07:28', 'poster_proyek2_kelompok811.png', '2', NULL, '{\"transfer_to\":\"bank-jago-xx\",\"source\":{\"bank\":\"bri\",\"name\":\"aldi\",\"number\":\"000202020\"}}'),
(23, 32, '19.00', '2021-12-22 15:47:37', 'poster_proyek2_kelompok812.png', '2', NULL, '{\"transfer_to\":\"bank-jago-xx\",\"source\":{\"bank\":\"bri\",\"name\":\"aldi\",\"number\":\"234578\"}}'),
(24, 34, '22.00', '2022-03-07 12:56:47', 'perintah1.jpg', '1', NULL, '{\"transfer_to\":\"bank-jago-xx\",\"source\":{\"bank\":\"BRI\",\"name\":\"ALDI NURHANUDIN\",\"number\":\"000202020\"}}');

-- --------------------------------------------------------

--
-- Table structure for table `products`
--

CREATE TABLE `products` (
  `id` bigint(20) NOT NULL,
  `category_id` int(10) DEFAULT NULL,
  `sku` varchar(32) DEFAULT NULL,
  `name` varchar(191) NOT NULL,
  `description` varchar(191) DEFAULT NULL,
  `picture_name` varchar(191) DEFAULT NULL,
  `price` decimal(8,2) NOT NULL,
  `current_discount` decimal(8,2) DEFAULT 0.00,
  `stock` int(10) NOT NULL,
  `product_unit` varchar(32) DEFAULT NULL,
  `is_available` tinyint(1) DEFAULT 1,
  `add_date` datetime DEFAULT NULL
) ENGINE=InnoDB DEFAULT CHARSET=utf8mb4;

--
-- Dumping data for table `products`
--

INSERT INTO `products` (`id`, `category_id`, `sku`, `name`, `description`, `picture_name`, `price`, `current_discount`, `stock`, `product_unit`, `is_available`, `add_date`) VALUES
(1, 1, 'SB750372', 'Kangkung', NULL, 'kangkung.jpg', '10000.00', '5000.00', 1, 'Kg', 1, '2020-03-26 15:02:52'),
(2, 1, 'BS350420', 'Pakcoy', NULL, 'pakcoy.jpg', '10000.00', '2000.00', 1, 'Kg', 1, '2020-03-26 15:03:40'),
(4, 1, 'TS120790', 'Tomat', NULL, 'product-5.jpg', '10000.00', '0.00', 1, 'Kg', 1, '2020-03-26 19:36:30'),
(5, 1, 'WS120811', 'Bayam', NULL, 'bayam.jpg', '10000.00', '0.00', 1, 'Kg', 1, '2020-03-26 19:36:51'),
(8, 1, 'PS220885', 'Paprika', NULL, 'product-12.jpg', '18000.00', '0.00', 1, 'Kg', 1, '2020-03-26 19:38:05'),
(9, 1, 'AB450163', 'Selada', NULL, 'selada.jpg', '10000.00', '5000.00', 1, 'Kg', 1, '2020-03-26 19:42:43'),
(10, 1, 'BMS120283', 'Sawi', NULL, 'sawi.jpg', '8000.00', '0.00', 1, 'Kg', 1, '2020-03-26 19:44:42'),
(11, 1, 'URS13301', 'Tomat', NULL, 'tomat.jpg', '10000.00', '0.00', 1, 'Kg', 1, '2020-03-26 19:45:01'),
(12, 1, 'BPS15347', 'Buncis', NULL, 'buncis.jpg', '10000.00', '0.00', 0, 'Kg', NULL, '2020-03-26 19:45:47'),
(13, 1, 'KPS223370', 'Seledri', NULL, 'seledri.jpg', '8000.00', '0.00', 6, 'Kg', 1, '2020-03-26 19:46:10'),
(14, 1, 'CMS410424', 'Cabai Merah', NULL, 'product-121.jpg', '20000.00', '7000.00', 1, 'Kg', 1, '2020-03-26 19:47:04'),
(15, 1, 'TS81057', 'Timun', NULL, 'timun.jpg', '8000.00', '0.00', 1, 'Kg', 1, '2021-10-29 00:44:17');

-- --------------------------------------------------------

--
-- Table structure for table `product_category`
--

CREATE TABLE `product_category` (
  `id` int(10) NOT NULL,
  `name` varchar(191) NOT NULL
) ENGINE=InnoDB DEFAULT CHARSET=utf8mb4;

--
-- Dumping data for table `product_category`
--

INSERT INTO `product_category` (`id`, `name`) VALUES
(1, 'Sayur'),
(2, 'Buah');

-- --------------------------------------------------------

--
-- Table structure for table `reviews`
--

CREATE TABLE `reviews` (
  `id` bigint(20) NOT NULL,
  `user_id` bigint(20) UNSIGNED DEFAULT NULL,
  `order_id` bigint(20) DEFAULT NULL,
  `title` varchar(191) DEFAULT NULL,
  `review_text` mediumtext NOT NULL,
  `review_date` datetime NOT NULL,
  `status` tinyint(1) NOT NULL DEFAULT 1
) ENGINE=InnoDB DEFAULT CHARSET=utf8mb4;

--
-- Dumping data for table `reviews`
--

INSERT INTO `reviews` (`id`, `user_id`, `order_id`, `title`, `review_text`, `review_date`, `status`) VALUES
(2, 7, 6, 'Sangat puas', 'Pengiriman cepat dan sayur segar', '2021-11-30 08:31:31', 1),
(3, 7, 5, 'Buah segar', 'Buah segar dan kualitasnya sangat bagus', '2021-11-30 08:33:10', 1);

-- --------------------------------------------------------

--
-- Table structure for table `settings`
--

CREATE TABLE `settings` (
  `id` int(10) NOT NULL,
  `key` varchar(32) NOT NULL,
  `content` text NOT NULL
) ENGINE=InnoDB DEFAULT CHARSET=utf8mb4;

--
-- Dumping data for table `settings`
--

INSERT INTO `settings` (`id`, `key`, `content`) VALUES
(1, 'current_theme_name', 'vegefoods'),
(2, 'store_name', 'VMart'),
(3, 'store_phone_number', '081546847732'),
(4, 'store_email', 'Vmart@gmail.com'),
(5, 'store_tagline', 'Belanja Sayur Segar 24 Jam'),
(6, 'store_logo', 'vmart.png'),
(7, 'max_product_image_size', '20000'),
(8, 'store_description', 'Belanja sayur dan buah dengan murah, mudah dan cepat'),
(9, 'store_address', 'desa celeng kec.lohbener, kab.Indramayu'),
(10, 'min_shop_to_free_shipping_cost', '30000'),
(11, 'shipping_cost', '6000'),
(12, 'payment_banks', '{\"bank-jago-xx\":{\"bank\":\"BANK JAGO xx\",\"number\":\"123\",\"name\":\"nurhanudin\"},\"bank-jagoss\":{\"bank\":\"BANK JAGOss\",\"number\":\"xs\",\"name\":\"as\"},\"bank-jagossxx\":{\"bank\":\"BANK JAGOssxx\",\"number\":\"asd\",\"name\":\"Admin\"}}');

-- --------------------------------------------------------

--
-- Table structure for table `users`
--

CREATE TABLE `users` (
  `id` bigint(20) UNSIGNED NOT NULL,
  `name` varchar(50) COLLATE utf8mb4_unicode_ci DEFAULT NULL,
  `email` varchar(191) COLLATE utf8mb4_unicode_ci NOT NULL,
  `email_verified_at` timestamp NULL DEFAULT NULL,
  `username` varchar(16) COLLATE utf8mb4_unicode_ci NOT NULL,
  `password` varchar(191) COLLATE utf8mb4_unicode_ci NOT NULL,
  `profile_picture` varchar(128) COLLATE utf8mb4_unicode_ci DEFAULT NULL,
  `role` varchar(32) COLLATE utf8mb4_unicode_ci DEFAULT '0' COMMENT '1 = admin, 2 = customer',
  `register_date` datetime DEFAULT NULL
) ENGINE=InnoDB DEFAULT CHARSET=utf8mb4 COLLATE=utf8mb4_unicode_ci;

--
-- Dumping data for table `users`
--

INSERT INTO `users` (`id`, `name`, `email`, `email_verified_at`, `username`, `password`, `profile_picture`, `role`, `register_date`) VALUES
(1, 'Admin Toko Sayur', 'admin@local.test', NULL, 'admin', '$2y$10$Brm3RNWFKvZ1e0ej1vBz9.QbFMW21q0l/iDSt5aDOoGj9zlLFuxh6', 'agung1.png', 'admin', NULL),
(9, NULL, 'aldinurhanudin08@gmail.com', NULL, 'aldi', '$2y$10$.ccIoAGfdxZPVSzmRTp7JuR49ml3x96OvaPldfOfRbjJF54zI1J52', NULL, 'customer', '2021-09-07 23:46:55'),
(10, NULL, 'zaynnurhanudin08@gmail.com', NULL, 'zayn', '$2y$10$/IpNP3.4bvujM6u/6rEt6O0ZU9XZ5PXpHjThBTuzk6918mn.SguIC', NULL, 'customer', '2021-12-07 13:23:02'),
(11, NULL, 'muslim@gmail.com', NULL, 'muslim', '$2y$10$MbUxc1ZmK4A1oVJAhoaVm.Hd9r5DdItScTs/z2eWcQpR9Mz3C9H82', NULL, 'customer', '2021-12-21 01:20:39'),
(12, NULL, 'farhan@mail.com', NULL, 'farhan', '$2y$10$4bac6ay0txEUS0XDPq.sOuZsU81Si5gaARdRg4tvXXWPVkRDqkenC', NULL, 'customer', '2021-12-21 09:51:39'),
(13, NULL, 'fgef@gtuyj', NULL, 'mona', '$2y$10$HSYDfwkUZ5WIqyhOmJLDhetFkWpJITDCy7oYcAyTPUMXtHfef33TO', NULL, 'customer', '2021-12-21 10:50:19'),
(14, NULL, 'fajarbima@gmail.com', NULL, 'fajar', '$2y$10$XsjvpvhGWr0qDuZEpGrUs.irIa8O5KiA25S6rP/3AGCBGaArWLuBi', NULL, 'customer', '2021-12-21 14:48:10'),
(15, NULL, 'ikbal08@gmail.com', NULL, 'ikbal', '$2y$10$QXikWnk/yrgZH95M2J80FOE/LZpfHpNMIxb/OBu62/ufMBjDQqe26', NULL, 'customer', '2021-12-21 15:28:37');

--
-- Indexes for dumped tables
--

--
-- Indexes for table `ci_sessions`
--
ALTER TABLE `ci_sessions`
  ADD KEY `ci_sessions_timestamp` (`timestamp`);

--
-- Indexes for table `contacts`
--
ALTER TABLE `contacts`
  ADD PRIMARY KEY (`id`),
  ADD KEY `FK_contacts_contacts` (`parent_id`);

--
-- Indexes for table `coupons`
--
ALTER TABLE `coupons`
  ADD PRIMARY KEY (`id`);

--
-- Indexes for table `customers`
--
ALTER TABLE `customers`
  ADD PRIMARY KEY (`id`),
  ADD KEY `FK_customers_users` (`user_id`);

--
-- Indexes for table `orders`
--
ALTER TABLE `orders`
  ADD PRIMARY KEY (`id`),
  ADD KEY `FK_orders_users` (`user_id`),
  ADD KEY `FK_orders_coupons` (`coupon_id`);

--
-- Indexes for table `order_items`
--
ALTER TABLE `order_items`
  ADD PRIMARY KEY (`id`),
  ADD KEY `order_id` (`order_id`),
  ADD KEY `product_id` (`product_id`);

--
-- Indexes for table `payments`
--
ALTER TABLE `payments`
  ADD PRIMARY KEY (`id`),
  ADD KEY `order_id` (`order_id`);

--
-- Indexes for table `products`
--
ALTER TABLE `products`
  ADD PRIMARY KEY (`id`),
  ADD KEY `FK_products_product_category` (`category_id`);

--
-- Indexes for table `product_category`
--
ALTER TABLE `product_category`
  ADD PRIMARY KEY (`id`);

--
-- Indexes for table `reviews`
--
ALTER TABLE `reviews`
  ADD PRIMARY KEY (`id`),
  ADD KEY `FK_reviews_users` (`user_id`),
  ADD KEY `FK_reviews_orders` (`order_id`);

--
-- Indexes for table `settings`
--
ALTER TABLE `settings`
  ADD PRIMARY KEY (`id`) USING BTREE;

--
-- Indexes for table `users`
--
ALTER TABLE `users`
  ADD PRIMARY KEY (`id`) USING BTREE,
  ADD UNIQUE KEY `users_email_unique` (`email`) USING BTREE;

--
-- AUTO_INCREMENT for dumped tables
--

--
-- AUTO_INCREMENT for table `contacts`
--
ALTER TABLE `contacts`
  MODIFY `id` int(10) NOT NULL AUTO_INCREMENT, AUTO_INCREMENT=3;

--
-- AUTO_INCREMENT for table `coupons`
--
ALTER TABLE `coupons`
  MODIFY `id` bigint(20) NOT NULL AUTO_INCREMENT, AUTO_INCREMENT=8;

--
-- AUTO_INCREMENT for table `customers`
--
ALTER TABLE `customers`
  MODIFY `id` bigint(20) NOT NULL AUTO_INCREMENT, AUTO_INCREMENT=15;

--
-- AUTO_INCREMENT for table `orders`
--
ALTER TABLE `orders`
  MODIFY `id` bigint(20) NOT NULL AUTO_INCREMENT, AUTO_INCREMENT=35;

--
-- AUTO_INCREMENT for table `order_items`
--
ALTER TABLE `order_items`
  MODIFY `id` bigint(20) NOT NULL AUTO_INCREMENT, AUTO_INCREMENT=49;

--
-- AUTO_INCREMENT for table `payments`
--
ALTER TABLE `payments`
  MODIFY `id` bigint(20) NOT NULL AUTO_INCREMENT, AUTO_INCREMENT=25;

--
-- AUTO_INCREMENT for table `products`
--
ALTER TABLE `products`
  MODIFY `id` bigint(20) NOT NULL AUTO_INCREMENT, AUTO_INCREMENT=19;

--
-- AUTO_INCREMENT for table `product_category`
--
ALTER TABLE `product_category`
  MODIFY `id` int(10) NOT NULL AUTO_INCREMENT, AUTO_INCREMENT=13;

--
-- AUTO_INCREMENT for table `reviews`
--
ALTER TABLE `reviews`
  MODIFY `id` bigint(20) NOT NULL AUTO_INCREMENT, AUTO_INCREMENT=4;

--
-- AUTO_INCREMENT for table `settings`
--
ALTER TABLE `settings`
  MODIFY `id` int(10) NOT NULL AUTO_INCREMENT, AUTO_INCREMENT=13;

--
-- AUTO_INCREMENT for table `users`
--
ALTER TABLE `users`
  MODIFY `id` bigint(20) UNSIGNED NOT NULL AUTO_INCREMENT, AUTO_INCREMENT=16;

--
-- Constraints for dumped tables
--

--
-- Constraints for table `contacts`
--
ALTER TABLE `contacts`
  ADD CONSTRAINT `FK_contacts_contacts` FOREIGN KEY (`parent_id`) REFERENCES `contacts` (`id`) ON DELETE CASCADE ON UPDATE NO ACTION;

--
-- Constraints for table `customers`
--
ALTER TABLE `customers`
  ADD CONSTRAINT `FK_customers_users` FOREIGN KEY (`user_id`) REFERENCES `users` (`id`) ON DELETE NO ACTION ON UPDATE CASCADE;

--
-- Constraints for table `orders`
--
ALTER TABLE `orders`
  ADD CONSTRAINT `FK_orders_coupons` FOREIGN KEY (`coupon_id`) REFERENCES `coupons` (`id`) ON DELETE SET NULL ON UPDATE CASCADE,
  ADD CONSTRAINT `FK_orders_users` FOREIGN KEY (`user_id`) REFERENCES `users` (`id`) ON DELETE NO ACTION ON UPDATE CASCADE;
COMMIT;

/*!40101 SET CHARACTER_SET_CLIENT=@OLD_CHARACTER_SET_CLIENT */;
/*!40101 SET CHARACTER_SET_RESULTS=@OLD_CHARACTER_SET_RESULTS */;
/*!40101 SET COLLATION_CONNECTION=@OLD_COLLATION_CONNECTION */;
